hgvs	count
p.(M1F)	10
p.(M1L)	35
p.(M1I)	28
p.(M1V)	12
p.(M1S)	20
p.(M1P)	26
p.(M1T)	19
p.(M1A)	18
p.(M1Y)	29
p.(M1X)	8
p.(M1H)	21
p.(M1Q)	23
p.(M1N)	18
p.(M1K)	14
p.(M1D)	20
p.(M1E)	29
p.(M1C)	5
p.(M1R)	26
p.(M1G)	29
p.(S2F)	29
p.(S2L)	42
p.(S2I)	4
p.(S2M)	25
p.(S2V)	39
p.(S2S)	23
p.(S2P)	44
p.(S2T)	16
p.(S2A)	30
p.(S2Y)	12
p.(S2X)	56
p.(S2H)	19
p.(S2Q)	34
p.(S2N)	3
p.(S2K)	17
p.(S2D)	47
p.(S2E)	28
p.(S2C)	28
p.(S2W)	20
p.(S2R)	26
p.(S2G)	49
p.(E3F)	14
p.(E3L)	33
p.(E3I)	20
p.(E3M)	23
p.(E3V)	47
p.(E3S)	44
p.(E3P)	37
p.(E3T)	21
p.(E3A)	43
p.(E3Y)	13
p.(E3X)	36
p.(E3H)	18
p.(E3Q)	20
p.(E3N)	9
p.(E3K)	30
p.(E3D)	32
p.(E3C)	39
p.(E3W)	41
p.(E3R)	19
p.(E3G)	41
p.(N4F)	33
p.(N4L)	45
p.(N4I)	37
p.(N4M)	22
p.(N4V)	30
p.(N4S)	28
p.(N4P)	49
p.(N4T)	48
p.(N4A)	24
p.(N4Y)	36
p.(N4X)	39
p.(N4H)	38
p.(N4Q)	51
p.(N4K)	37
p.(N4D)	33
p.(N4E)	47
p.(N4C)	20
p.(N4W)	39
p.(N4R)	25
p.(N4G)	37
p.(T5F)	24
p.(T5L)	30
p.(T5I)	36
p.(T5M)	27
p.(T5V)	45
p.(T5S)	28
p.(T5P)	32
p.(T5T)	48
p.(T5A)	38
p.(T5Y)	13
p.(T5X)	28
p.(T5H)	24
p.(T5Q)	22
p.(T5N)	30
p.(T5K)	28
p.(T5D)	26
p.(T5E)	25
p.(T5C)	43
p.(T5W)	50
p.(T5R)	39
p.(T5G)	28
p.(V6F)	35
p.(V6L)	36
p.(V6I)	20
p.(V6M)	28
p.(V6S)	20
p.(V6P)	40
p.(V6T)	31
p.(V6A)	28
p.(V6Y)	19
p.(V6X)	28
p.(V6H)	54
p.(V6Q)	20
p.(V6N)	25
p.(V6K)	17
p.(V6D)	18
p.(V6E)	27
p.(V6C)	33
p.(V6W)	32
p.(V6R)	33
p.(V6G)	31
p.(M7F)	26
p.(M7L)	36
p.(M7I)	37
p.(M7V)	53
p.(M7S)	52
p.(M7P)	36
p.(M7T)	63
p.(M7A)	27
p.(M7Y)	26
p.(M7X)	26
p.(M7H)	37
p.(M7Q)	29
p.(M7N)	15
p.(M7K)	28
p.(M7D)	15
p.(M7E)	43
p.(M7C)	27
p.(M7W)	37
p.(M7R)	33
p.(M7G)	38
p.(P8F)	36
p.(P8L)	77
p.(P8I)	12
p.(P8M)	8
p.(P8V)	31
p.(P8S)	59
p.(P8T)	30
p.(P8A)	19
p.(P8Y)	0
p.(P8X)	12
p.(P8H)	22
p.(P8Q)	26
p.(P8N)	8
p.(P8K)	12
p.(P8D)	27
p.(P8E)	41
p.(P8C)	24
p.(P8W)	29
p.(P8R)	52
p.(P8G)	18
p.(I9F)	23
p.(I9L)	35
p.(I9M)	34
p.(I9V)	43
p.(I9S)	26
p.(I9P)	27
p.(I9T)	37
p.(I9A)	21
p.(I9Y)	23
p.(I9X)	12
p.(I9H)	14
p.(I9Q)	45
p.(I9N)	17
p.(I9K)	23
p.(I9D)	13
p.(I9E)	26
p.(I9C)	31
p.(I9W)	34
p.(I9R)	35
p.(I9G)	24
p.(V10F)	37
p.(V10L)	29
p.(V10I)	58
p.(V10M)	51
p.(V10V)	43
p.(V10S)	64
p.(V10P)	18
p.(V10T)	47
p.(V10A)	34
p.(V10Y)	31
p.(V10X)	28
p.(V10H)	22
p.(V10Q)	18
p.(V10N)	22
p.(V10K)	31
p.(V10D)	24
p.(V10E)	15
p.(V10C)	43
p.(V10W)	29
p.(V10R)	32
p.(V10G)	21
p.(R11F)	34
p.(R11L)	27
p.(R11I)	19
p.(R11M)	29
p.(R11V)	43
p.(R11S)	14
p.(R11P)	24
p.(R11T)	16
p.(R11A)	30
p.(R11Y)	15
p.(R11X)	39
p.(R11H)	26
p.(R11Q)	44
p.(R11N)	28
p.(R11K)	26
p.(R11D)	25
p.(R11E)	28
p.(R11C)	24
p.(R11W)	62
p.(R11R)	25
p.(R11G)	20
p.(V12F)	51
p.(V12L)	18
p.(V12I)	37
p.(V12M)	67
p.(V12S)	11
p.(V12P)	6
p.(V12T)	38
p.(V12A)	24
p.(V12Y)	23
p.(V12X)	35
p.(V12H)	15
p.(V12Q)	3
p.(V12N)	30
p.(V12K)	12
p.(V12D)	27
p.(V12E)	14
p.(V12C)	21
p.(V12W)	4
p.(V12G)	16
p.(A13F)	23
p.(A13L)	34
p.(A13I)	12
p.(A13M)	31
p.(A13V)	37
p.(A13S)	30
p.(A13P)	14
p.(A13T)	75
p.(A13Y)	45
p.(A13X)	21
p.(A13H)	15
p.(A13Q)	20
p.(A13N)	32
p.(A13K)	30
p.(A13D)	36
p.(A13E)	36
p.(A13C)	26
p.(A13W)	18
p.(A13R)	18
p.(A13G)	42
p.(V14F)	33
p.(V14L)	21
p.(V14I)	7
p.(V14M)	52
p.(V14S)	10
p.(V14P)	9
p.(V14T)	16
p.(V14A)	41
p.(V14Y)	25
p.(V14X)	40
p.(V14H)	13
p.(V14Q)	17
p.(V14N)	11
p.(V14K)	11
p.(V14D)	17
p.(V14E)	12
p.(V14C)	36
p.(V14W)	22
p.(V14R)	17
p.(V14G)	13
p.(L15F)	27
p.(L15I)	52
p.(L15M)	19
p.(L15V)	33
p.(L15S)	13
p.(L15P)	15
p.(L15T)	39
p.(L15A)	60
p.(L15Y)	55
p.(L15X)	37
p.(L15H)	31
p.(L15Q)	16
p.(L15N)	34
p.(L15K)	10
p.(L15D)	16
p.(L15E)	17
p.(L15C)	31
p.(L15W)	12
p.(L15R)	23
p.(L15G)	21
p.(A16F)	21
p.(A16L)	28
p.(A16I)	26
p.(A16M)	17
p.(A16V)	24
p.(A16S)	9
p.(A16P)	21
p.(A16T)	48
p.(A16Y)	42
p.(A16X)	26
p.(A16H)	15
p.(A16Q)	35
p.(A16N)	24
p.(A16K)	15
p.(A16D)	48
p.(A16E)	22
p.(A16C)	37
p.(A16W)	29
p.(A16R)	42
p.(A16G)	19
p.(A17F)	34
p.(A17L)	30
p.(A17I)	15
p.(A17M)	11
p.(A17V)	33
p.(A17S)	33
p.(A17P)	16
p.(A17T)	48
p.(A17Y)	24
p.(A17X)	30
p.(A17H)	36
p.(A17Q)	32
p.(A17N)	20
p.(A17K)	15
p.(A17D)	32
p.(A17E)	15
p.(A17C)	28
p.(A17W)	37
p.(A17R)	20
p.(A17G)	33
p.(G18F)	27
p.(G18L)	43
p.(G18I)	20
p.(G18M)	19
p.(G18V)	5
p.(G18S)	11
p.(G18P)	15
p.(G18T)	16
p.(G18A)	5
p.(G18Y)	42
p.(G18X)	49
p.(G18H)	31
p.(G18Q)	49
p.(G18N)	29
p.(G18K)	25
p.(G18D)	5
p.(G18E)	7
p.(G18C)	34
p.(G18W)	28
p.(G18R)	9
p.(G18G)	6
p.(D19F)	14
p.(D19L)	9
p.(D19I)	13
p.(D19M)	16
p.(D19V)	31
p.(D19S)	3
p.(D19P)	18
p.(D19T)	20
p.(D19A)	17
p.(D19Y)	18
p.(D19X)	10
p.(D19Q)	9
p.(D19N)	27
p.(D19K)	9
p.(D19E)	15
p.(D19C)	10
p.(D19W)	20
p.(D19R)	6
p.(D19G)	24
p.(D20F)	8
p.(D20L)	19
p.(D20I)	5
p.(D20M)	24
p.(D20V)	28
p.(D20S)	19
p.(D20P)	14
p.(D20T)	0
p.(D20A)	4
p.(D20Y)	16
p.(D20X)	20
p.(D20H)	18
p.(D20Q)	15
p.(D20N)	20
p.(D20K)	13
p.(D20E)	27
p.(D20C)	8
p.(D20W)	44
p.(D20R)	14
p.(D20G)	17
p.(G21F)	21
p.(G21L)	26
p.(G21I)	23
p.(G21M)	23
p.(G21V)	31
p.(G21S)	28
p.(G21P)	13
p.(G21T)	10
p.(G21Y)	19
p.(G21X)	17
p.(G21H)	16
p.(G21Q)	21
p.(G21N)	8
p.(G21K)	20
p.(G21E)	18
p.(G21C)	8
p.(G21W)	23
p.(G21R)	6
p.(G21G)	6
p.(G22F)	8
p.(G22L)	11
p.(G22I)	3
p.(G22M)	19
p.(G22V)	21
p.(G22S)	13
p.(G22P)	4
p.(G22T)	6
p.(G22A)	6
p.(G22Y)	11
p.(G22X)	7
p.(G22Q)	31
p.(G22N)	9
p.(G22K)	20
p.(G22D)	24
p.(G22E)	6
p.(G22C)	7
p.(G22W)	9
p.(G22R)	3
p.(R23F)	7
p.(R23L)	21
p.(R23I)	13
p.(R23M)	16
p.(R23V)	4
p.(R23S)	28
p.(R23P)	5
p.(R23T)	17
p.(R23A)	10
p.(R23Y)	18
p.(R23X)	11
p.(R23H)	7
p.(R23Q)	23
p.(R23N)	6
p.(R23K)	9
p.(R23D)	20
p.(R23E)	12
p.(R23C)	11
p.(R23W)	36
p.(R23R)	4
p.(R23G)	8
p.(L24F)	36
p.(L24I)	30
p.(L24M)	49
p.(L24V)	32
p.(L24S)	34
p.(L24P)	26
p.(L24T)	23
p.(L24Y)	26
p.(L24X)	20
p.(L24H)	34
p.(L24Q)	21
p.(L24N)	24
p.(L24K)	19
p.(L24D)	23
p.(L24E)	26
p.(L24C)	53
p.(L24W)	39
p.(L24R)	19
p.(L24G)	8
p.(T25F)	24
p.(T25L)	11
p.(T25I)	43
p.(T25M)	23
p.(T25V)	8
p.(T25S)	21
p.(T25P)	20
p.(T25A)	16
p.(T25Y)	15
p.(T25X)	15
p.(T25H)	11
p.(T25Q)	16
p.(T25N)	18
p.(T25K)	16
p.(T25D)	13
p.(T25E)	28
p.(T25C)	24
p.(T25W)	10
p.(T25R)	19
p.(E26F)	16
p.(E26L)	22
p.(E26I)	9
p.(E26M)	18
p.(E26V)	18
p.(E26S)	32
p.(E26P)	18
p.(E26T)	6
p.(E26A)	7
p.(E26Y)	9
p.(E26X)	24
p.(E26H)	13
p.(E26Q)	11
p.(E26N)	30
p.(E26K)	29
p.(E26D)	20
p.(E26C)	23
p.(E26W)	15
p.(E26R)	7
p.(E26G)	16
p.(M27F)	24
p.(M27L)	12
p.(M27I)	27
p.(M27V)	39
p.(M27S)	14
p.(M27T)	12
p.(M27A)	11
p.(M27Y)	13
p.(M27X)	25
p.(M27H)	32
p.(M27Q)	15
p.(M27N)	18
p.(M27K)	16
p.(M27D)	16
p.(M27E)	15
p.(M27C)	13
p.(M27W)	24
p.(M27R)	10
p.(M27G)	18
p.(A28F)	11
p.(A28L)	32
p.(A28I)	38
p.(A28M)	30
p.(A28V)	24
p.(A28S)	29
p.(A28P)	8
p.(A28T)	49
p.(A28Y)	18
p.(A28X)	37
p.(A28H)	35
p.(A28Q)	28
p.(A28N)	23
p.(A28K)	28
p.(A28D)	19
p.(A28E)	18
p.(A28C)	13
p.(A28W)	28
p.(A28R)	17
p.(A28G)	20
p.(L29F)	47
p.(L29I)	30
p.(L29M)	27
p.(L29V)	39
p.(L29S)	14
p.(L29P)	21
p.(L29T)	24
p.(L29A)	23
p.(L29Y)	25
p.(L29X)	29
p.(L29H)	17
p.(L29Q)	5
p.(L29N)	27
p.(L29K)	7
p.(L29D)	6
p.(L29E)	5
p.(L29C)	24
p.(L29W)	27
p.(L29R)	6
p.(L29G)	6
p.(P30F)	25
p.(P30L)	58
p.(P30I)	13
p.(P30M)	22
p.(P30V)	36
p.(P30S)	54
p.(P30T)	19
p.(P30A)	16
p.(P30Y)	23
p.(P30X)	16
p.(P30H)	20
p.(P30Q)	40
p.(P30N)	10
p.(P30K)	16
p.(P30D)	15
p.(P30E)	24
p.(P30C)	30
p.(P30W)	25
p.(P30R)	20
p.(P30G)	19
p.(S31F)	38
p.(S31L)	16
p.(S31I)	15
p.(S31M)	28
p.(S31V)	19
p.(S31S)	35
p.(S31P)	27
p.(S31T)	38
p.(S31A)	18
p.(S31Y)	30
p.(S31X)	11
p.(S31H)	18
p.(S31Q)	13
p.(S31N)	25
p.(S31K)	12
p.(S31D)	23
p.(S31E)	8
p.(S31C)	17
p.(S31W)	21
p.(S31R)	18
p.(S31G)	17
p.(E32F)	27
p.(E32L)	25
p.(E32I)	16
p.(E32M)	30
p.(E32V)	36
p.(E32S)	25
p.(E32P)	34
p.(E32T)	15
p.(E32A)	13
p.(E32Y)	23
p.(E32X)	20
p.(E32H)	32
p.(E32Q)	21
p.(E32N)	16
p.(E32K)	30
p.(E32D)	27
p.(E32C)	22
p.(E32W)	38
p.(E32R)	12
p.(E32G)	20
p.(L33F)	26
p.(L33L)	39
p.(L33I)	19
p.(L33M)	12
p.(L33V)	46
p.(L33S)	28
p.(L33P)	13
p.(L33T)	11
p.(L33A)	14
p.(L33Y)	19
p.(L33X)	20
p.(L33H)	25
p.(L33Q)	24
p.(L33N)	19
p.(L33K)	8
p.(L33D)	7
p.(L33E)	14
p.(L33C)	27
p.(L33W)	28
p.(L33R)	20
p.(L33G)	6
p.(P34F)	27
p.(P34L)	33
p.(P34I)	12
p.(P34M)	41
p.(P34V)	24
p.(P34S)	67
p.(P34P)	32
p.(P34T)	18
p.(P34A)	16
p.(P34Y)	29
p.(P34X)	20
p.(P34H)	18
p.(P34Q)	19
p.(P34N)	32
p.(P34K)	16
p.(P34D)	10
p.(P34E)	35
p.(P34C)	30
p.(P34W)	34
p.(P34R)	17
p.(P34G)	21
p.(L35F)	24
p.(L35I)	18
p.(L35M)	40
p.(L35V)	43
p.(L35S)	25
p.(L35P)	22
p.(L35T)	16
p.(L35A)	27
p.(L35Y)	14
p.(L35X)	18
p.(L35H)	23
p.(L35Q)	17
p.(L35N)	21
p.(L35K)	10
p.(L35D)	14
p.(L35E)	12
p.(L35C)	30
p.(L35W)	12
p.(L35R)	7
p.(L35G)	19
p.(R36F)	23
p.(R36L)	25
p.(R36I)	19
p.(R36M)	42
p.(R36V)	14
p.(R36S)	28
p.(R36P)	12
p.(R36T)	29
p.(R36A)	22
p.(R36Y)	9
p.(R36X)	12
p.(R36H)	41
p.(R36Q)	13
p.(R36N)	15
p.(R36K)	9
p.(R36D)	13
p.(R36E)	12
p.(R36C)	52
p.(R36W)	16
p.(R36G)	13
p.(E37F)	51
p.(E37L)	29
p.(E37I)	35
p.(E37M)	38
p.(E37V)	42
p.(E37S)	32
p.(E37P)	10
p.(E37T)	27
p.(E37A)	13
p.(E37Y)	37
p.(E37X)	31
p.(E37H)	35
p.(E37Q)	36
p.(E37N)	22
p.(E37K)	39
p.(E37D)	37
p.(E37C)	19
p.(E37W)	4
p.(E37R)	15
p.(E37G)	19
p.(I38F)	41
p.(I38L)	26
p.(I38M)	25
p.(I38V)	18
p.(I38S)	27
p.(I38P)	7
p.(I38T)	31
p.(I38A)	22
p.(I38Y)	32
p.(I38X)	40
p.(I38H)	21
p.(I38Q)	27
p.(I38N)	26
p.(I38K)	10
p.(I38D)	6
p.(I38E)	16
p.(I38C)	28
p.(I38W)	17
p.(I38R)	3
p.(I38G)	17
p.(L39F)	31
p.(L39I)	20
p.(L39M)	31
p.(L39V)	27
p.(L39S)	22
p.(L39P)	31
p.(L39T)	20
p.(L39A)	9
p.(L39Y)	22
p.(L39X)	14
p.(L39H)	13
p.(L39Q)	22
p.(L39N)	9
p.(L39K)	19
p.(L39D)	27
p.(L39E)	19
p.(L39C)	22
p.(L39W)	28
p.(L39R)	10
p.(L39G)	18
p.(P40F)	20
p.(P40L)	17
p.(P40I)	20
p.(P40M)	19
p.(P40V)	12
p.(P40S)	21
p.(P40P)	19
p.(P40T)	22
p.(P40A)	16
p.(P40Y)	25
p.(P40X)	9
p.(P40H)	27
p.(P40Q)	12
p.(P40N)	17
p.(P40K)	11
p.(P40D)	16
p.(P40E)	10
p.(P40C)	20
p.(P40W)	13
p.(P40R)	16
p.(P40G)	9
p.(A41F)	14
p.(A41L)	22
p.(A41I)	16
p.(A41M)	4
p.(A41V)	41
p.(A41S)	28
p.(A41P)	22
p.(A41T)	27
p.(A41A)	21
p.(A41Y)	15
p.(A41X)	7
p.(A41H)	17
p.(A41Q)	14
p.(A41N)	18
p.(A41K)	16
p.(A41D)	12
p.(A41E)	15
p.(A41C)	11
p.(A41W)	19
p.(A41R)	16
p.(A41G)	17
p.(V42F)	38
p.(V42L)	15
p.(V42I)	28
p.(V42M)	14
p.(V42V)	19
p.(V42S)	21
p.(V42P)	3
p.(V42T)	18
p.(V42A)	29
p.(V42Y)	21
p.(V42X)	28
p.(V42H)	5
p.(V42Q)	6
p.(V42N)	14
p.(V42K)	5
p.(V42D)	14
p.(V42E)	11
p.(V42C)	31
p.(V42W)	22
p.(V42G)	13
p.(Q43F)	18
p.(Q43L)	30
p.(Q43I)	10
p.(Q43M)	35
p.(Q43V)	17
p.(Q43S)	16
p.(Q43P)	26
p.(Q43T)	18
p.(Q43A)	16
p.(Q43Y)	10
p.(Q43X)	24
p.(Q43N)	6
p.(Q43K)	52
p.(Q43D)	4
p.(Q43E)	37
p.(Q43W)	31
p.(Q43R)	10
p.(Q43G)	9
p.(R44F)	7
p.(R44L)	17
p.(R44I)	8
p.(R44M)	5
p.(R44V)	11
p.(R44S)	18
p.(R44P)	9
p.(R44T)	5
p.(R44A)	15
p.(R44Y)	13
p.(R44X)	6
p.(R44H)	36
p.(R44Q)	7
p.(R44K)	0
p.(R44D)	0
p.(R44E)	4
p.(R44C)	24
p.(R44W)	13
p.(R44G)	6
p.(I45F)	22
p.(I45L)	11
p.(I45M)	7
p.(I45V)	11
p.(I45S)	7
p.(I45T)	17
p.(I45A)	10
p.(I45Y)	16
p.(I45X)	17
p.(I45H)	15
p.(I45Q)	4
p.(I45N)	47
p.(I45K)	5
p.(I45D)	5
p.(I45E)	12
p.(I45C)	0
p.(I45W)	9
p.(I45R)	3
p.(I45G)	7
p.(V46F)	21
p.(V46L)	12
p.(V46I)	14
p.(V46M)	32
p.(V46S)	11
p.(V46P)	11
p.(V46T)	18
p.(V46A)	4
p.(V46Y)	14
p.(V46X)	31
p.(V46H)	17
p.(V46Q)	15
p.(V46N)	13
p.(V46K)	16
p.(V46D)	5
p.(V46E)	22
p.(V46C)	4
p.(V46W)	16
p.(V46R)	3
p.(V46G)	4
p.(Q47F)	23
p.(Q47L)	25
p.(Q47I)	21
p.(Q47M)	23
p.(Q47V)	27
p.(Q47S)	10
p.(Q47P)	12
p.(Q47T)	17
p.(Q47A)	7
p.(Q47Y)	10
p.(Q47X)	33
p.(Q47H)	17
p.(Q47N)	13
p.(Q47K)	17
p.(Q47D)	6
p.(Q47E)	22
p.(Q47C)	30
p.(Q47W)	6
p.(Q47R)	14
p.(Q47G)	11
p.(P48F)	23
p.(P48L)	4
p.(P48I)	15
p.(P48M)	11
p.(P48V)	36
p.(P48S)	12
p.(P48P)	7
p.(P48T)	5
p.(P48A)	10
p.(P48Y)	18
p.(P48X)	12
p.(P48H)	30
p.(P48Q)	20
p.(P48N)	17
p.(P48K)	16
p.(P48D)	12
p.(P48E)	19
p.(P48C)	16
p.(P48W)	16
p.(P48R)	12
p.(P48G)	17
p.(A49F)	25
p.(A49L)	15
p.(A49I)	16
p.(A49M)	19
p.(A49V)	15
p.(A49S)	22
p.(A49P)	6
p.(A49T)	42
p.(A49Y)	20
p.(A49X)	10
p.(A49H)	14
p.(A49Q)	11
p.(A49N)	15
p.(A49K)	13
p.(A49D)	19
p.(A49E)	7
p.(A49C)	19
p.(A49W)	17
p.(A49G)	13
p.(R50F)	19
p.(R50L)	16
p.(R50I)	9
p.(R50M)	5
p.(R50V)	6
p.(R50S)	8
p.(R50P)	11
p.(R50T)	8
p.(R50Y)	13
p.(R50X)	16
p.(R50H)	15
p.(R50Q)	18
p.(R50N)	5
p.(R50K)	4
p.(R50D)	7
p.(R50E)	13
p.(R50C)	21
p.(R50W)	39
p.(R50R)	16
p.(R50G)	5
p.(E51F)	23
p.(E51L)	8
p.(E51I)	8
p.(E51M)	14
p.(E51V)	24
p.(E51S)	20
p.(E51P)	19
p.(E51T)	16
p.(E51A)	15
p.(E51Y)	14
p.(E51X)	25
p.(E51H)	12
p.(E51Q)	15
p.(E51N)	21
p.(E51K)	11
p.(E51D)	13
p.(E51C)	21
p.(E51W)	14
p.(E51R)	11
p.(E51G)	12
p.(N52F)	3
p.(N52L)	9
p.(N52I)	5
p.(N52M)	16
p.(N52V)	20
p.(N52S)	9
p.(N52P)	0
p.(N52T)	15
p.(N52A)	4
p.(N52Y)	15
p.(N52X)	9
p.(N52H)	10
p.(N52Q)	11
p.(N52K)	21
p.(N52D)	14
p.(N52E)	16
p.(N52C)	19
p.(N52W)	6
p.(N52R)	3
p.(N52G)	9
p.(D53F)	9
p.(D53L)	5
p.(D53I)	13
p.(D53M)	14
p.(D53V)	11
p.(D53S)	9
p.(D53P)	4
p.(D53T)	6
p.(D53A)	8
p.(D53Y)	4
p.(D53X)	0
p.(D53H)	16
p.(D53Q)	5
p.(D53N)	11
p.(D53K)	9
p.(D53E)	18
p.(D53C)	6
p.(D53W)	3
p.(D53R)	4
p.(D53G)	3
p.(G54F)	10
p.(G54L)	6
p.(G54I)	8
p.(G54M)	11
p.(G54V)	11
p.(G54S)	14
p.(G54P)	6
p.(G54T)	15
p.(G54A)	5
p.(G54Y)	11
p.(G54X)	4
p.(G54H)	5
p.(G54Q)	13
p.(G54N)	8
p.(G54K)	13
p.(G54D)	6
p.(G54E)	8
p.(G54C)	13
p.(G54W)	9
p.(G54R)	4
p.(G54G)	6
p.(A55F)	10
p.(A55L)	9
p.(A55I)	4
p.(A55M)	4
p.(A55V)	4
p.(A55S)	6
p.(A55P)	0
p.(A55T)	7
p.(A55Y)	6
p.(A55X)	4
p.(A55H)	3
p.(A55Q)	10
p.(A55N)	3
p.(A55K)	5
p.(A55D)	18
p.(A55E)	3
p.(A55C)	0
p.(A55R)	0
p.(A55G)	10
p.(A56F)	10
p.(A56L)	5
p.(A56I)	12
p.(A56M)	3
p.(A56V)	3
p.(A56S)	9
p.(A56P)	6
p.(A56T)	10
p.(A56Y)	11
p.(A56X)	7
p.(A56H)	6
p.(A56Q)	4
p.(A56N)	9
p.(A56K)	5
p.(A56D)	7
p.(A56E)	5
p.(A56C)	14
p.(A56W)	11
p.(A56R)	0
p.(A56G)	4
p.(D57F)	17
p.(D57L)	3
p.(D57I)	10
p.(D57M)	7
p.(D57V)	7
p.(D57S)	8
p.(D57T)	0
p.(D57A)	0
p.(D57Y)	12
p.(D57X)	9
p.(D57H)	8
p.(D57Q)	3
p.(D57N)	6
p.(D57K)	3
p.(D57D)	7
p.(D57E)	8
p.(D57C)	14
p.(D57W)	4
p.(D57G)	3
p.(P58F)	11
p.(P58L)	4
p.(P58V)	5
p.(P58S)	10
p.(P58T)	3
p.(P58A)	14
p.(P58Y)	9
p.(P58X)	4
p.(P58H)	7
p.(P58Q)	4
p.(P58N)	4
p.(P58K)	7
p.(P58D)	10
p.(P58E)	8
p.(P58C)	10
p.(P58W)	6
p.(P58G)	8
p.(A59F)	5
p.(A59L)	4
p.(A59I)	8
p.(A59M)	7
p.(A59S)	4
p.(A59P)	0
p.(A59T)	11
p.(A59Y)	8
p.(A59X)	6
p.(A59H)	4
p.(A59Q)	0
p.(A59N)	4
p.(A59K)	0
p.(A59D)	8
p.(A59C)	3
p.(A59W)	14
p.(A59G)	5
p.(A60F)	0
p.(A60D)	0
p.(A60W)	4
p.(A61V)	4
p.(P62F)	4
p.(P62L)	9
p.(P62I)	6
p.(P62S)	9
p.(P62X)	4
p.(P62H)	0
p.(P62Q)	0
p.(P62W)	4
p.(P62R)	6
p.(N63F)	0
p.(N63M)	0
p.(N63V)	3
p.(N63S)	4
p.(N63T)	5
p.(N63A)	4
p.(N63X)	4
p.(N63K)	5
p.(N63D)	3
p.(N63C)	3
p.(N63R)	0
p.(P64F)	5
p.(P64L)	9
p.(P64I)	4
p.(P64M)	4
p.(P64V)	3
p.(P64S)	8
p.(P64T)	0
p.(P64Y)	3
p.(P64Q)	6
p.(P64N)	3
p.(P64K)	0
p.(P64E)	0
p.(P64C)	0
p.(P64W)	9
p.(V65F)	12
p.(V65I)	9
p.(V65M)	4
p.(V65S)	6
p.(V65T)	3
p.(V65Y)	14
p.(V65X)	7
p.(V65H)	6
p.(V65Q)	3
p.(V65N)	4
p.(V65D)	3
p.(V65C)	4
p.(V65W)	8
p.(V65R)	4
p.(V65G)	0
p.(R66F)	7
p.(R66I)	5
p.(R66M)	6
p.(R66V)	4
p.(R66S)	6
p.(R66P)	0
p.(R66T)	6
p.(R66Y)	7
p.(R66X)	9
p.(R66H)	3
p.(R66Q)	8
p.(R66N)	12
p.(R66K)	8
p.(R66D)	9
p.(R66E)	4
p.(R66C)	3
p.(R66W)	13
p.(R66R)	0
p.(R66G)	0
p.(L67F)	8
p.(L67L)	3
p.(L67I)	5
p.(L67M)	6
p.(L67V)	0
p.(L67S)	8
p.(L67T)	0
p.(L67A)	5
p.(L67Y)	3
p.(L67H)	0
p.(L67Q)	3
p.(L67N)	3
p.(L67D)	0
p.(L67E)	3
p.(L67C)	4
p.(S68F)	4
p.(S68L)	0
p.(S68I)	10
p.(S68V)	4
p.(S68S)	5
p.(S68P)	0
p.(S68T)	7
p.(S68A)	0
p.(S68Y)	0
p.(S68X)	5
p.(S68H)	4
p.(S68Q)	3
p.(S68N)	9
p.(S68K)	8
p.(S68D)	5
p.(S68E)	3
p.(S68C)	11
p.(S68W)	4
p.(S68R)	0
p.(S68G)	5
p.(L69F)	15
p.(L69L)	5
p.(L69I)	7
p.(L69M)	10
p.(L69V)	7
p.(L69S)	3
p.(L69P)	5
p.(L69X)	0
p.(L69H)	0
p.(L69Q)	3
p.(L69N)	5
p.(L69K)	5
p.(L69D)	0
p.(L69E)	5
p.(L69C)	9
p.(L69W)	0
p.(L69R)	5
p.(A70F)	6
p.(A70L)	7
p.(A70I)	6
p.(A70M)	6
p.(A70V)	3
p.(A70S)	3
p.(A70A)	5
p.(A70Y)	5
p.(A70X)	4
p.(A70H)	5
p.(A70Q)	7
p.(A70N)	0
p.(A70K)	0
p.(A70D)	0
p.(A70C)	6
p.(A70W)	5
p.(A70R)	4
p.(A70G)	7
p.(P71F)	3
p.(P71L)	3
p.(P71I)	0
p.(P71M)	3
p.(P71V)	5
p.(P71S)	8
p.(P71T)	7
p.(P71A)	4
p.(P71Y)	8
p.(P71X)	4
p.(P71H)	5
p.(P71Q)	6
p.(P71N)	7
p.(P71K)	4
p.(P71D)	0
p.(P71E)	3
p.(P71C)	7
p.(P71W)	7
p.(P71G)	4
p.(I72F)	8
p.(I72L)	0
p.(I72M)	12
p.(I72V)	7
p.(I72S)	4
p.(I72P)	0
p.(I72T)	3
p.(I72A)	4
p.(I72Y)	5
p.(I72Q)	0
p.(I72D)	5
p.(I72E)	4
p.(I72C)	5
p.(I72W)	0
p.(I72G)	7
p.(G73F)	0
p.(G73L)	0
p.(G73I)	0
p.(G73M)	3
p.(G73V)	3
p.(G73S)	0
p.(G73P)	5
p.(G73T)	0
p.(G73A)	0
p.(G73Q)	0
p.(G73K)	4
p.(G73D)	0
p.(G73C)	3
p.(G73W)	5
p.(G73R)	5
p.(G74F)	0
p.(G74L)	9
p.(G74I)	3
p.(G74M)	3
p.(G74V)	4
p.(G74P)	3
p.(G74T)	0
p.(G74A)	7
p.(G74Y)	7
p.(G74H)	4
p.(G74Q)	3
p.(G74N)	3
p.(G74K)	4
p.(G74D)	0
p.(G74C)	5
p.(G74W)	3
p.(G74R)	5
p.(G74G)	5
p.(A75F)	5
p.(A75L)	0
p.(A75V)	5
p.(A75S)	3
p.(A75P)	6
p.(A75T)	0
p.(A75Y)	3
p.(A75X)	0
p.(A75D)	6
p.(A75E)	3
p.(A75R)	3
p.(P76F)	3
p.(P76L)	9
p.(P76I)	5
p.(P76M)	6
p.(P76S)	9
p.(P76T)	3
p.(P76A)	7
p.(P76Y)	5
p.(P76X)	5
p.(P76H)	3
p.(P76Q)	5
p.(P76N)	3
p.(P76K)	0
p.(P76C)	7
p.(P76W)	0
p.(P76R)	0
p.(P76G)	4
p.(S78F)	0
p.(S78L)	4
p.(S78I)	0
p.(S78A)	3
p.(S78X)	4
p.(S78H)	4
p.(S78Q)	0
p.(S78N)	6
p.(S78W)	3
p.(S78R)	3
p.(S78G)	6
p.(L79L)	6
p.(L79V)	4
p.(L79T)	5
p.(L79X)	7
p.(L79Q)	0
p.(L79E)	3
p.(L79W)	6
p.(L79G)	0
p.(D80L)	5
p.(D80I)	0
p.(D80S)	4
p.(D80P)	0
p.(D80T)	0
p.(D80A)	0
p.(D80Y)	0
p.(D80H)	7
p.(D80Q)	3
p.(D80N)	7
p.(D80K)	5
p.(D80E)	0
p.(D80C)	3
p.(D80R)	0
p.(D80G)	5
p.(A81F)	3
p.(A81M)	0
p.(A81V)	6
p.(A81S)	0
p.(A81P)	0
p.(A81T)	5
p.(A81Y)	6
p.(A81H)	5
p.(A81Q)	3
p.(A81N)	0
p.(A81D)	0
p.(A81C)	5
p.(A81W)	4
p.(A81R)	3
p.(A81G)	7
p.(T82F)	6
p.(T82L)	0
p.(T82I)	5
p.(T82M)	12
p.(T82S)	5
p.(T82P)	4
p.(T82T)	7
p.(T82X)	7
p.(T82Q)	0
p.(T82K)	6
p.(T82C)	6
p.(T82W)	7
p.(T82R)	5
p.(L83F)	9
p.(L83L)	4
p.(L83I)	5
p.(L83M)	5
p.(L83V)	6
p.(L83S)	3
p.(L83P)	3
p.(L83T)	0
p.(L83A)	0
p.(L83X)	3
p.(L83H)	0
p.(L83C)	3
p.(L83W)	3
p.(D84F)	3
p.(D84L)	0
p.(D84V)	0
p.(D84S)	4
p.(D84P)	0
p.(D84T)	9
p.(D84A)	3
p.(D84Y)	4
p.(D84X)	3
p.(D84H)	5
p.(D84Q)	3
p.(D84N)	7
p.(D84K)	0
p.(D84E)	7
p.(D84C)	4
p.(D84W)	3
p.(D84R)	0
p.(D84G)	7
p.(T85L)	8
p.(T85I)	0
p.(T85M)	10
p.(T85V)	4
p.(T85S)	8
p.(T85P)	8
p.(T85N)	0
p.(T85K)	5
p.(T85W)	5
p.(T85R)	4
p.(V86F)	6
p.(V86L)	0
p.(V86I)	0
p.(V86M)	3
p.(V86P)	4
p.(V86T)	3
p.(V86A)	10
p.(V86Y)	3
p.(V86X)	0
p.(V86Q)	0
p.(V86D)	0
p.(G87F)	3
p.(G87L)	4
p.(G87I)	3
p.(G87M)	7
p.(G87V)	3
p.(G87S)	4
p.(G87P)	0
p.(G87A)	0
p.(G87Y)	4
p.(G87H)	5
p.(G87Q)	8
p.(G87N)	3
p.(G87K)	7
p.(G87D)	4
p.(G87E)	0
p.(G87C)	10
p.(G87W)	6
p.(V88F)	6
p.(V88L)	11
p.(V88I)	14
p.(V88M)	6
p.(V88S)	3
p.(V88T)	0
p.(V88A)	4
p.(V88Y)	5
p.(V88X)	4
p.(V88H)	3
p.(V88Q)	9
p.(V88N)	7
p.(V88K)	4
p.(V88D)	3
p.(V88C)	0
p.(V88W)	6
p.(V88G)	9
p.(V89F)	12
p.(V89L)	9
p.(V89I)	4
p.(V89M)	13
p.(V89V)	4
p.(V89S)	5
p.(V89P)	3
p.(V89T)	4
p.(V89A)	4
p.(V89Y)	0
p.(V89X)	0
p.(V89H)	4
p.(V89Q)	6
p.(V89N)	4
p.(V89K)	8
p.(V89W)	0
p.(V89R)	0
p.(D90F)	0
p.(D90I)	0
p.(D90M)	3
p.(D90V)	0
p.(D90P)	0
p.(D90T)	4
p.(D90A)	0
p.(D90Y)	5
p.(D90H)	0
p.(D90Q)	4
p.(D90N)	8
p.(D90K)	4
p.(D90C)	0
p.(D90R)	0
p.(D90G)	0
p.(G91S)	0
p.(L96M)	0
p.(L96Q)	3
p.(L96W)	4
p.(Q97H)	5
p.(Q97N)	3
p.(Q97K)	0
p.(Q97D)	0
p.(Q97E)	5
p.(Q97R)	3
p.(A98V)	0
p.(A98S)	3
p.(A98T)	0
p.(A98A)	6
p.(A98Y)	0
p.(A98Q)	0
p.(A98K)	4
p.(A98D)	3
p.(A98E)	4
p.(A98W)	0
p.(P100S)	3
p.(G102P)	3
p.(G102Y)	3
p.(G102Q)	0
p.(G102K)	0
p.(G102D)	3
p.(P103F)	4
p.(P103L)	7
p.(P103I)	0
p.(P103M)	4
p.(P103V)	5
p.(P103S)	3
p.(P103T)	0
p.(P103A)	0
p.(P103Y)	3
p.(P103H)	0
p.(P103Q)	8
p.(P103N)	4
p.(P103K)	5
p.(P103D)	0
p.(P103E)	0
p.(P104L)	0
p.(P104I)	4
p.(P104S)	0
p.(P104T)	3
p.(P104N)	3
p.(P104K)	3
p.(P104E)	0
p.(A105M)	3
p.(A105V)	0
p.(A105S)	3
p.(A105A)	4
p.(A105Q)	6
p.(A105W)	0
p.(P106Q)	0
p.(R107W)	0
p.(V109M)	0
p.(V109A)	0
p.(E110I)	0
p.(E110P)	0
p.(E110A)	0
p.(E110Y)	0
p.(E110K)	0
p.(E110D)	5
p.(E110W)	6
p.(D111F)	5
p.(D111L)	5
p.(D111S)	5
p.(D111X)	3
p.(D111Q)	5
p.(D111N)	8
p.(D111K)	0
p.(D111E)	6
p.(D111C)	4
p.(D111W)	0
p.(I112F)	6
p.(I112L)	5
p.(I112M)	10
p.(I112V)	11
p.(I112P)	4
p.(I112T)	0
p.(I112A)	0
p.(I112Y)	5
p.(I112X)	0
p.(I112H)	7
p.(I112Q)	3
p.(I112N)	0
p.(I112K)	3
p.(I112E)	4
p.(I112W)	0
p.(I112G)	4
p.(A113F)	0
p.(A113L)	5
p.(A113M)	11
p.(A113V)	6
p.(A113S)	6
p.(A113P)	5
p.(A113T)	11
p.(A113Y)	3
p.(A113X)	3
p.(A113Q)	0
p.(A113N)	4
p.(A113K)	0
p.(A113D)	3
p.(A113E)	5
p.(A113C)	4
p.(A113W)	5
p.(A113G)	5
p.(D114L)	3
p.(D114I)	0
p.(D114V)	5
p.(D114S)	5
p.(D114P)	0
p.(D114T)	0
p.(D114A)	9
p.(D114Y)	6
p.(D114X)	4
p.(D114H)	0
p.(D114Q)	4
p.(D114N)	9
p.(D114K)	5
p.(D114E)	12
p.(D114C)	6
p.(D114W)	7
p.(D114R)	5
p.(D114G)	5
p.(A115L)	8
p.(A115I)	0
p.(A115M)	6
p.(A115V)	11
p.(A115S)	6
p.(A115P)	0
p.(A115T)	13
p.(A115Y)	7
p.(A115X)	3
p.(A115H)	3
p.(A115Q)	6
p.(A115N)	6
p.(A115K)	0
p.(A115D)	6
p.(A115E)	8
p.(A115C)	6
p.(A115W)	6
p.(A115R)	3
p.(A115G)	9
p.(A116F)	6
p.(A116L)	18
p.(A116I)	7
p.(A116M)	0
p.(A116V)	11
p.(A116S)	12
p.(A116P)	13
p.(A116T)	15
p.(A116A)	17
p.(A116Y)	8
p.(A116X)	12
p.(A116H)	7
p.(A116Q)	7
p.(A116N)	10
p.(A116K)	9
p.(A116D)	18
p.(A116E)	11
p.(A116C)	0
p.(A116W)	11
p.(A116R)	19
p.(A116G)	7
p.(V117F)	17
p.(V117L)	0
p.(V117I)	11
p.(V117M)	7
p.(V117V)	14
p.(V117S)	0
p.(V117P)	3
p.(V117T)	8
p.(V117A)	6
p.(V117Y)	11
p.(V117X)	5
p.(V117H)	8
p.(V117Q)	4
p.(V117N)	8
p.(V117K)	4
p.(V117D)	7
p.(V117E)	4
p.(V117W)	11
p.(V117R)	10
p.(V117G)	9
p.(I118N)	4
p.(F119L)	7
p.(F119I)	9
p.(F119M)	6
p.(F119V)	6
p.(F119S)	12
p.(F119P)	4
p.(F119T)	7
p.(F119A)	6
p.(F119Y)	5
p.(F119X)	7
p.(F119H)	6
p.(F119Q)	7
p.(F119N)	5
p.(F119K)	6
p.(F119D)	10
p.(F119E)	18
p.(F119C)	9
p.(F119W)	12
p.(F119R)	7
p.(F119G)	10
p.(S120F)	21
p.(S120L)	21
p.(S120I)	10
p.(S120M)	13
p.(S120V)	17
p.(S120S)	26
p.(S120P)	19
p.(S120T)	13
p.(S120A)	15
p.(S120Y)	21
p.(S120X)	14
p.(S120H)	14
p.(S120Q)	24
p.(S120N)	12
p.(S120K)	30
p.(S120D)	21
p.(S120E)	7
p.(S120C)	21
p.(S120W)	15
p.(S120R)	12
p.(S120G)	17
p.(E121F)	4
p.(E121L)	4
p.(E121I)	8
p.(E121V)	20
p.(E121S)	10
p.(E121P)	8
p.(E121T)	6
p.(E121A)	15
p.(E121Y)	7
p.(E121X)	5
p.(E121H)	7
p.(E121Q)	12
p.(E121N)	9
p.(E121K)	13
p.(E121D)	19
p.(E121C)	9
p.(E121W)	7
p.(E121R)	5
p.(E121G)	5
p.(A122F)	12
p.(A122L)	11
p.(A122I)	13
p.(A122M)	3
p.(A122V)	14
p.(A122S)	10
p.(A122P)	8
p.(A122T)	13
p.(A122A)	40
p.(A122Y)	15
p.(A122X)	9
p.(A122H)	14
p.(A122Q)	18
p.(A122N)	12
p.(A122K)	9
p.(A122D)	6
p.(A122E)	17
p.(A122C)	17
p.(A122W)	12
p.(A122R)	6
p.(A122G)	21
p.(R123F)	9
p.(R123L)	25
p.(R123I)	15
p.(R123M)	22
p.(R123V)	30
p.(R123S)	12
p.(R123P)	13
p.(R123T)	18
p.(R123A)	18
p.(R123Y)	17
p.(R123X)	14
p.(R123H)	33
p.(R123Q)	8
p.(R123N)	10
p.(R123K)	24
p.(R123D)	17
p.(R123E)	14
p.(R123C)	45
p.(R123W)	13
p.(R123G)	18
p.(R124F)	11
p.(R124L)	23
p.(R124I)	7
p.(R124M)	21
p.(R124V)	9
p.(R124S)	19
p.(R124P)	24
p.(R124T)	18
p.(R124A)	16
p.(R124Y)	13
p.(R124X)	18
p.(R124H)	23
p.(R124Q)	16
p.(R124N)	18
p.(R124K)	28
p.(R124D)	10
p.(R124E)	6
p.(R124C)	9
p.(R124W)	32
p.(R124R)	25
p.(R124G)	10
p.(R125F)	0
p.(R125L)	16
p.(R125I)	12
p.(R125M)	9
p.(R125V)	6
p.(R125S)	11
p.(R125P)	33
p.(R125T)	9
p.(R125A)	14
p.(R125Y)	10
p.(R125X)	4
p.(R125H)	29
p.(R125Q)	31
p.(R125N)	18
p.(R125K)	8
p.(R125D)	15
p.(R125E)	11
p.(R125C)	25
p.(R125W)	18
p.(R125G)	11
p.(Q126F)	15
p.(Q126L)	32
p.(Q126I)	26
p.(Q126M)	15
p.(Q126V)	11
p.(Q126S)	11
p.(Q126P)	33
p.(Q126T)	10
p.(Q126A)	0
p.(Q126Y)	27
p.(Q126X)	18
p.(Q126H)	19
p.(Q126N)	19
p.(Q126K)	22
p.(Q126D)	11
p.(Q126E)	14
p.(Q126C)	13
p.(Q126W)	24
p.(Q126R)	3
p.(Q126G)	5
p.(W127F)	8
p.(W127L)	11
p.(W127I)	5
p.(W127M)	5
p.(W127V)	6
p.(W127S)	14
p.(W127P)	12
p.(W127T)	17
p.(W127A)	20
p.(W127Y)	16
p.(W127X)	27
p.(W127H)	3
p.(W127Q)	7
p.(W127N)	4
p.(W127K)	8
p.(W127D)	12
p.(W127E)	9
p.(W127C)	27
p.(W127R)	10
p.(W127G)	12
p.(G128F)	12
p.(G128L)	16
p.(G128I)	12
p.(G128M)	6
p.(G128V)	7
p.(G128S)	12
p.(G128P)	4
p.(G128T)	17
p.(G128A)	13
p.(G128Y)	10
p.(G128X)	16
p.(G128H)	6
p.(G128Q)	12
p.(G128N)	16
p.(G128K)	16
p.(G128D)	19
p.(G128E)	11
p.(G128C)	11
p.(G128W)	22
p.(G128R)	11
p.(G128G)	21
p.(P129F)	5
p.(P129L)	14
p.(P129I)	23
p.(P129M)	17
p.(P129V)	12
p.(P129S)	17
p.(P129P)	24
p.(P129T)	3
p.(P129A)	12
p.(P129Y)	17
p.(P129X)	8
p.(P129H)	18
p.(P129Q)	19
p.(P129N)	16
p.(P129K)	26
p.(P129D)	16
p.(P129E)	8
p.(P129C)	22
p.(P129W)	23
p.(P129R)	20
p.(P129G)	15
p.(T130F)	6
p.(T130L)	13
p.(T130I)	7
p.(T130M)	22
p.(T130V)	20
p.(T130S)	20
p.(T130P)	16
p.(T130T)	21
p.(T130A)	13
p.(T130Y)	14
p.(T130X)	11
p.(T130H)	11
p.(T130Q)	20
p.(T130N)	12
p.(T130K)	17
p.(T130D)	9
p.(T130E)	28
p.(T130C)	13
p.(T130W)	16
p.(T130R)	8
p.(T130G)	12
p.(H131F)	14
p.(H131L)	13
p.(H131I)	18
p.(H131M)	17
p.(H131V)	18
p.(H131S)	12
p.(H131P)	18
p.(H131T)	23
p.(H131A)	15
p.(H131Y)	38
p.(H131X)	7
p.(H131Q)	19
p.(H131N)	19
p.(H131K)	22
p.(H131D)	29
p.(H131E)	26
p.(H131C)	12
p.(H131W)	19
p.(H131R)	11
p.(H131G)	18
p.(R134F)	25
p.(R134L)	21
p.(R134I)	16
p.(R134M)	18
p.(R134V)	14
p.(R134S)	14
p.(R134P)	4
p.(R134T)	17
p.(R134A)	8
p.(R134Y)	31
p.(R134X)	6
p.(R134H)	19
p.(R134Q)	16
p.(R134N)	10
p.(R134K)	17
p.(R134D)	17
p.(R134E)	16
p.(R134C)	12
p.(R134W)	4
p.(R134R)	17
p.(R134G)	13
p.(L138F)	28
p.(L138L)	21
p.(L138I)	19
p.(L138M)	22
p.(L138V)	9
p.(L138S)	21
p.(L138P)	9
p.(L138T)	7
p.(L138A)	0
p.(L138Y)	5
p.(L138X)	6
p.(L138H)	9
p.(L138Q)	18
p.(L138N)	12
p.(L138K)	9
p.(L138D)	9
p.(L138E)	13
p.(L138C)	17
p.(L138W)	14
p.(L138R)	15
p.(L138G)	19
p.(L145F)	21
p.(L145L)	68
p.(L145I)	28
p.(L145M)	26
p.(L145V)	24
p.(L145S)	20
p.(L145P)	32
p.(L145T)	14
p.(L145A)	18
p.(L145Y)	13
p.(L145X)	13
p.(L145H)	33
p.(L145Q)	26
p.(L145N)	27
p.(L145K)	24
p.(L145D)	14
p.(L145E)	24
p.(L145C)	21
p.(L145W)	29
p.(L145R)	12
p.(L145G)	19
p.(T148F)	28
p.(T148L)	13
p.(T148I)	30
p.(T148M)	46
p.(T148V)	26
p.(T148S)	25
p.(T148P)	23
p.(T148T)	30
p.(T148A)	24
p.(T148Y)	16
p.(T148X)	13
p.(T148H)	21
p.(T148Q)	30
p.(T148N)	26
p.(T148K)	39
p.(T148E)	23
p.(T148C)	26
p.(T148W)	29
p.(T148R)	8
p.(T148G)	15
p.(V152F)	27
p.(V152L)	22
p.(V152I)	73
p.(V152M)	13
p.(V152V)	20
p.(V152S)	22
p.(V152P)	12
p.(V152T)	26
p.(V152A)	17
p.(V152Y)	25
p.(V152X)	14
p.(V152H)	10
p.(V152Q)	22
p.(V152N)	22
p.(V152K)	31
p.(V152D)	12
p.(V152E)	31
p.(V152C)	22
p.(V152W)	14
p.(V152R)	8
p.(V152G)	20
p.(R155F)	15
p.(R155L)	36
p.(R155I)	16
p.(R155M)	26
p.(R155V)	18
p.(R155S)	16
p.(R155P)	17
p.(R155T)	21
p.(R155A)	17
p.(R155Y)	26
p.(R155X)	18
p.(R155H)	29
p.(R155Q)	52
p.(R155N)	31
p.(R155K)	19
p.(R155D)	14
p.(R155E)	27
p.(R155C)	23
p.(R155W)	53
p.(R155R)	28
p.(R155G)	24
p.(V156F)	23
p.(V156L)	32
p.(V156I)	6
p.(V156M)	42
p.(V156S)	13
p.(V156P)	23
p.(V156T)	10
p.(V156A)	44
p.(V156Y)	33
p.(V156X)	9
p.(V156H)	9
p.(V156Q)	15
p.(V156N)	27
p.(V156K)	19
p.(V156D)	16
p.(V156E)	21
p.(V156C)	27
p.(V156W)	23
p.(V156R)	20
p.(V156G)	35
_wt	782
